shot_id,shot_made_flag
1,0.383
8,0.371
17,0.616
20,0.74
33,0.396
34,0.468
35,0.424
36,0.473
37,0.719
38,0.431
45,0.453
50,0.338
55,0.32
60,0.336
66,0.305
67,0.296
71,0.426
80,0.302
85,0.347
86,0.593
95,0.595
104,0.356
113,0.383
123,0.322
126,0.806
133,0.601
141,0.24
144,0.408
150,0.687
152,0.409
153,0.646
156,0.351
159,0.895
165,0.693
172,0.47
182,0.939
192,0.44
193,0.706
196,0.383
202,0.397
210,0.4
211,0.438
228,0.926
257,0.426
260,0.358
264,0.368
267,0.697
279,0.942
282,0.365
293,0.354
299,0.81
300,0.736
301,0.78
317,0.357
327,0.388
328,0.352
335,0.375
346,0.815
348,0.282
365,0.356
390,0.73
391,0.729
392,0.742
397,0.319
418,0.339
428,0.236
434,0.55
439,0.43
440,0.385
456,0.328
459,0.309
472,0.441
480,0.256
491,0.348
497,0.359
509,0.367
511,0.41
523,0.212
533,0.414
544,0.391
546,0.39
555,0.698
558,0.423
560,0.348
573,0.326
591,0.414
596,0.326
597,0.388
601,0.523
605,0.439
617,0.33
628,0.296
634,0.375
646,0.322
649,0.362
651,0.695
654,0.756
656,0.391
657,0.412
669,0.382
670,0.939
693,0.67
694,0.257
699,0.4
711,0.439
718,0.382
722,0.35
723,0.309
725,0.603
734,0.345
735,0.397
737,0.804
746,0.364
747,0.754
766,0.338
767,0.325
771,0.264
773,0.239
774,0.363
783,0.298
784,0.372
789,0.303
792,0.384
804,0.328
809,0.379
812,0.398
813,0.329
817,0.308
820,0.335
825,0.369
826,0.391
829,0.387
855,0.423
859,0.732
862,0.408
870,0.39
876,0.339
880,0.326
886,0.972
889,0.849
891,0.422
897,0.973
902,0.388
903,0.392
908,0.363
909,0.398
920,0.366
922,0.374
924,0.668
932,0.374
934,0.384
937,0.356
941,0.422
943,0.447
950,0.41
952,0.385
954,0.937
963,0.36
975,0.383
979,0.385
981,0.368
983,0.258
985,0.425
989,0.44
995,0.434
998,0.412
1008,0.293
1019,0.695
1023,0.364
1026,0.324
1029,0.748
1034,0.826
1036,0.668
1038,0.334
1039,0.68
1051,0.433
1052,0.32
1066,0.338
1087,0.276
1092,0.236
1094,0.718
1098,0.411
1099,0.373
1102,0.383
1118,0.392
1131,0.332
1133,0.76
1135,0.932
1138,0.419
1139,0.853
1142,0.38
1151,0.372
1152,0.343
1155,0.699
1165,0.367
1167,0.944
1172,0.394
1174,0.69
1180,0.429
1200,0.48
1202,0.416
1227,0.552
1228,0.734
1229,0.397
1237,0.378
1241,0.349
1256,0.31
1279,0.399
1293,0.186
1295,0.299
1319,0.781
1320,0.382
1321,0.82
1322,0.663
1334,0.277
1351,0.667
1373,0.328
1375,0.351
1380,0.461
1382,0.752
1385,0.416
1399,0.382
1403,0.933
1428,0.312
1434,0.315
1444,0.944
1448,0.412
1466,0.869
1476,0.38
1478,0.398
1485,0.357
1491,0.625
1494,0.664
1500,0.327
1501,0.655
1503,0.429
1519,0.643
1524,0.319
1529,0.781
1533,0.682
1538,0.978
1539,0.317
1546,0.418
1555,0.348
1559,0.35
1563,0.708
1565,0.779
1574,0.331
1591,0.297
1594,0.28
1605,0.282
1611,0.372
1614,0.314
1620,0.353
1626,0.338
1630,0.399
1632,0.394
1634,0.367
1643,0.293
1651,0.457
1655,0.355
1658,0.336
1659,0.391
1665,0.38
1675,0.341
1680,0.721
1690,0.356
1696,0.322
1714,0.276
1721,0.358
1726,0.409
1728,0.407
1734,0.346
1735,0.366
1740,0.312
1744,0.833
1747,0.315
1752,0.29
1763,0.752
1765,0.722
1769,0.377
1785,0.707
1787,0.335
1788,0.389
1793,0.324
1800,0.389
1825,0.467
1826,0.78
1834,0.347
1843,0.369
1844,0.302
1848,0.344
1849,0.411
1860,0.376
1863,0.391
1875,0.534
1883,0.36
1890,0.412
1892,0.406
1893,0.352
1897,0.336
1905,0.372
1908,0.514
1931,0.346
1940,0.825
1943,0.375
1947,0.213
1965,0.722
1967,0.411
1968,0.409
1972,0.726
1982,0.272
1985,0.292
2005,0.822
2010,0.72
2021,0.362
2024,0.767
2036,0.398
2043,0.561
2047,0.511
2049,0.389
2055,0.312
2065,0.42
2066,0.358
2070,0.319
2077,0.914
2085,0.661
2095,0.582
2097,0.666
2108,0.433
2112,0.666
2113,0.665
2122,0.205
2139,0.415
2144,0.587
2146,0.337
2148,0.223
2149,0.699
2157,0.363
2159,0.364
2168,0.352
2176,0.366
2178,0.619
2181,0.259
2187,0.792
2188,0.312
2190,0.337
2194,0.33
2197,0.292
2214,0.301
2217,0.183
2222,0.386
2223,0.272
2226,0.352
2230,0.686
2240,0.391
2247,0.285
2250,0.355
2259,0.551
2262,0.371
2266,0.351
2305,0.331
2310,0.342
2313,0.358
2319,0.801
2320,0.705
2345,0.295
2350,0.655
2356,0.368
2360,0.546
2370,0.382
2386,0.327
2398,0.326
2414,0.731
2435,0.775
2439,0.429
2446,0.749
2458,0.328
2465,0.338
2466,0.392
2470,0.331
2495,0.714
2501,0.317
2507,0.294
2533,0.162
2537,0.35
2538,0.277
2541,0.224
2542,0.759
2544,0.724
2554,0.212
2555,0.179
2565,0.474
2575,0.717
2586,0.416
2588,0.413
2594,0.647
2617,0.419
2618,0.331
2623,0.971
2631,0.417
2640,0.272
2642,0.734
2647,0.383
2663,0.375
2664,0.35
2676,0.345
2680,0.953
2681,0.399
2691,0.34
2693,0.389
2695,0.437
2704,0.305
2708,0.397
2709,0.981
2717,0.765
2722,0.386
2728,0.288
2732,0.77
2743,0.387
2752,0.273
2757,0.717
2761,0.321
2769,0.276
2771,0.351
2774,0.344
2776,0.29
2781,0.34
2793,0.342
2799,0.307
2803,0.293
2811,0.347
2818,0.356
2824,0.443
2828,0.8
2829,0.351
2830,0.392
2842,0.707
2847,0.744
2848,0.324
2868,0.325
2870,0.279
2885,0.25
2886,0.386
2889,0.59
2903,0.375
2904,0.714
2918,0.812
2919,0.309
2922,0.377
2923,0.312
2931,0.331
2945,0.368
2955,0.364
2957,0.586
2960,0.7
2963,0.279
2966,0.781
2972,0.674
2974,0.335
2982,0.291
2984,0.648
3016,0.41
3021,0.312
3023,0.791
3025,0.373
3029,0.233
3034,0.751
3038,0.33
3040,0.377
3051,0.774
3062,0.287
3069,0.324
3071,0.284
3076,0.932
3079,0.313
3081,0.309
3082,0.389
3084,0.861
3098,0.43
3104,0.413
3105,0.4
3114,0.759
3118,0.348
3122,0.276
3132,0.26
3138,0.361
3141,0.389
3156,0.622
3162,0.743
3167,0.304
3170,0.381
3171,0.317
3172,0.36
3176,0.979
3180,0.343
3189,0.258
3198,0.314
3206,0.334
3215,0.365
3222,0.653
3228,0.311
3229,0.307
3232,0.263
3233,0.263
3238,0.352
3256,0.453
3264,0.527
3273,0.365
3275,0.745
3285,0.495
3289,0.281
3294,0.327
3306,0.361
3311,0.763
3318,0.303
3322,0.633
3324,0.321
3334,0.634
3341,0.38
3345,0.331
3346,0.894
3352,0.293
3368,0.357
3371,0.227
3372,0.44
3375,0.458
3384,0.388
3387,0.31
3393,0.336
3406,0.405
3411,0.549
3412,0.683
3414,0.533
3417,0.681
3420,0.772
3423,0.722
3436,0.305
3438,0.681
3442,0.287
3443,0.341
3451,0.27
3461,0.333
3489,0.282
3491,0.505
3510,0.687
3515,0.49
3527,0.35
3530,0.372
3540,0.352
3582,0.225
3604,0.337
3605,0.271
3609,0.36
3624,0.259
3628,0.799
3630,0.288
3641,0.252
3642,0.264
3648,0.26
3650,0.967
3652,0.976
3660,0.435
3664,0.324
3670,0.343
3672,0.363
3680,0.325
3682,0.951
3685,0.553
3686,0.314
3689,0.324
3705,0.357
3712,0.271
3713,0.319
3719,0.261
3721,0.3
3723,0.729
3724,0.274
3727,0.289
3733,0.554
3734,0.436
3742,0.304
3770,0.236
3777,0.387
3778,0.391
3780,0.362
3783,0.407
3784,0.408
3788,0.366
3790,0.367
3794,0.372
3795,0.422
3796,0.445
3801,0.462
3806,0.315
3813,0.373
3814,0.343
3818,0.507
3824,0.435
3836,0.413
3853,0.385
3855,0.366
3858,0.392
3861,0.788
3866,0.322
3870,0.397
3874,0.968
3876,0.319
3878,0.293
3890,0.352
3900,0.941
3904,0.337
3906,0.4
3907,0.412
3908,0.37
3912,0.364
3918,0.971
3923,0.975
3924,0.4
3925,0.271
3927,0.68
3955,0.964
3964,0.392
3969,0.353
3974,0.716
3976,0.357
3984,0.301
3991,0.389
3993,0.977
4009,0.288
4011,0.367
4020,0.328
4033,0.364
4041,0.402
4045,0.872
4052,0.404
4055,0.405
4056,0.393
4057,0.413
4067,0.969
4069,0.41
4077,0.328
4094,0.371
4095,0.345
4100,0.351
4119,0.325
4130,0.672
4131,0.419
4132,0.542
4134,0.54
4137,0.883
4138,0.303
4143,0.31
4145,0.358
4148,0.324
4163,0.241
4166,0.409
4169,0.772
4170,0.414
4174,0.437
4180,0.359
4199,0.968
4201,0.361
4203,0.408
4210,0.113
4211,0.397
4213,0.95
4225,0.351
4235,0.333
4242,0.319
4245,0.33
4250,0.349
4252,0.387
4254,0.328
4263,0.343
4264,0.369
4268,0.352
4270,0.445
4282,0.781
4283,0.371
4291,0.379
4304,0.336
4306,0.308
4309,0.339
4310,0.317
4313,0.229
4314,0.333
4315,0.342
4321,0.391
4324,0.369
4325,0.343
4328,0.343
4329,0.285
4332,0.364
4337,0.342
4342,0.416
4344,0.395
4352,0.386
4355,0.319
4366,0.313
4371,0.32
4372,0.351
4376,0.313
4384,0.325
4387,0.29
4389,0.384
4390,0.34
4406,0.314
4407,0.837
4409,0.976
4410,0.783
4424,0.382
4434,0.327
4452,0.308
4460,0.403
4470,0.671
4480,0.297
4496,0.969
4503,0.287
4512,0.322
4518,0.637
4519,0.353
4522,0.327
4525,0.322
4537,0.681
4546,0.306
4547,0.921
4553,0.362
4556,0.358
4558,0.775
4563,0.253
4568,0.306
4574,0.767
4578,0.223
4587,0.369
4592,0.578
4610,0.385
4615,0.402
4619,0.362
4620,0.576
4625,0.68
4635,0.383
4636,0.375
4641,0.369
4650,0.307
4653,0.861
4665,0.315
4668,0.929
4669,0.287
4670,0.336
4674,0.352
4675,0.333
4676,0.297
4679,0.312
4680,0.912
4686,0.34
4699,0.427
4713,0.612
4718,0.326
4721,0.294
4722,0.319
4724,0.328
4730,0.966
4731,0.323
4735,0.318
4743,0.324
4745,0.282
4746,0.66
4747,0.323
4748,0.329
4769,0.389
4771,0.358
4774,0.351
4784,0.355
4797,0.318
4801,0.74
4804,0.295
4820,0.278
4833,0.355
4834,0.346
4851,0.284
4859,0.37
4860,0.958
4863,0.405
4873,0.376
4881,0.282
4892,0.295
4908,0.373
4911,0.303
4915,0.251
4922,0.334
4929,0.375
4936,0.285
4939,0.403
4951,0.318
4956,0.338
4961,0.361
4964,0.332
4981,0.365
4991,0.965
4992,0.354
4997,0.382
5004,0.338
5010,0.312
5012,0.355
5015,0.213
5020,0.374
5030,0.308
5051,0.973
5052,0.356
5057,0.762
5058,0.413
5060,0.393
5061,0.305
5064,0.43
5078,0.372
5080,0.427
5088,0.371
5089,0.711
5090,0.313
5103,0.93
5108,0.324
5114,0.398
5115,0.344
5124,0.7
5137,0.322
5139,0.316
5144,0.284
5149,0.836
5157,0.291
5163,0.244
5174,0.313
5176,0.408
5179,0.305
5186,0.442
5203,0.783
5204,0.726
5206,0.292
5207,0.708
5220,0.319
5221,0.743
5224,0.379
5227,0.252
5229,0.203
5232,0.762
5240,0.698
5242,0.663
5243,0.278
5245,0.697
5248,0.346
5249,0.26
5254,0.302
5269,0.38
5272,0.387
5276,0.347
5286,0.752
5290,0.315
5308,0.295
5316,0.417
5318,0.326
5319,0.346
5320,0.421
5322,0.267
5324,0.3
5331,0.704
5336,0.975
5344,0.345
5354,0.306
5356,0.08
5358,0.279
5361,0.351
5365,0.646
5370,0.529
5376,0.326
5383,0.441
5384,0.371
5385,0.39
5393,0.818
5397,0.339
5398,0.353
5402,0.364
5407,0.745
5409,0.322
5425,0.335
5428,0.637
5430,0.355
5442,0.336
5447,0.36
5470,0.364
5485,0.292
5493,0.307
5502,0.572
5504,0.373
5517,0.269
5522,0.375
5527,0.729
5528,0.29
5536,0.587
5545,0.338
5576,0.333
5577,0.302
5592,0.3
5594,0.302
5595,0.353
5596,0.301
5599,0.378
5606,0.364
5617,0.32
5625,0.845
5626,0.298
5627,0.639
5642,0.649
5659,0.978
5664,0.679
5666,0.888
5671,0.274
5674,0.353
5677,0.762
5681,0.333
5683,0.098
5700,0.349
5713,0.413
5715,0.398
5718,0.379
5726,0.452
5738,0.392
5741,0.861
5743,0.893
5753,0.345
5761,0.36
5789,0.73
5797,0.336
5803,0.326
5810,0.398
5813,0.317
5817,0.28
5818,0.31
5822,0.302
5829,0.436
5846,0.4
5847,0.27
5854,0.312
5858,0.359
5863,0.269
5869,0.29
5870,0.286
5876,0.129
5881,0.269
5901,0.309
5922,0.672
5928,0.788
5933,0.357
5934,0.76
5946,0.39
5951,0.296
5955,0.351
5956,0.925
5965,0.382
5972,0.337
5981,0.288
5997,0.364
6005,0.239
6009,0.235
6010,0.313
6015,0.361
6039,0.263
6047,0.717
6051,0.08
6056,0.416
6061,0.366
6064,0.267
6065,0.408
6070,0.331
6085,0.766
6086,0.161
6091,0.774
6097,0.265
6099,0.353
6104,0.728
6108,0.356
6109,0.394
6124,0.625
6142,0.775
6144,0.344
6150,0.37
6154,0.37
6155,0.316
6156,0.981
6158,0.407
6159,0.975
6169,0.688
6170,0.085
6179,0.384
6184,0.55
6186,0.825
6204,0.151
6230,0.383
6231,0.347
6232,0.929
6235,0.358
6237,0.654
6239,0.316
6263,0.346
6265,0.291
6270,0.475
6271,0.293
6278,0.348
6279,0.644
6288,0.343
6294,0.336
6295,0.275
6302,0.716
6306,0.312
6322,0.827
6324,0.373
6327,0.291
6331,0.414
6334,0.303
6338,0.644
6339,0.621
6362,0.336
6372,0.347
6375,0.791
6393,0.288
6394,0.398
6405,0.966
6406,0.534
6416,0.755
6421,0.426
6422,0.252
6440,0.97
6457,0.753
6460,0.635
6463,0.403
6474,0.736
6476,0.358
6477,0.324
6482,0.774
6488,0.333
6489,0.328
6494,0.335
6499,0.747
6507,0.277
6524,0.32
6527,0.33
6531,0.325
6536,0.33
6538,0.18
6542,0.804
6565,0.316
6584,0.368
6588,0.38
6597,0.326
6603,0.728
6609,0.741
6613,0.729
6622,0.286
6630,0.322
6637,0.303
6639,0.76
6640,0.265
6646,0.379
6647,0.42
6648,0.977
6669,0.325
6680,0.3
6681,0.274
6684,0.117
6693,0.376
6694,0.366
6704,0.27
6706,0.354
6710,0.417
6713,0.34
6718,0.254
6732,0.397
6737,0.327
6739,0.344
6742,0.361
6746,0.695
6753,0.32
6771,0.276
6784,0.324
6790,0.969
6795,0.297
6807,0.351
6808,0.323
6818,0.264
6823,0.379
6830,0.395
6831,0.391
6832,0.397
6836,0.414
6846,0.348
6850,0.34
6854,0.362
6868,0.728
6876,0.588
6877,0.719
6881,0.234
6882,0.36
6884,0.375
6886,0.323
6901,0.348
6910,0.369
6913,0.354
6914,0.66
6918,0.726
6930,0.64
6941,0.303
6944,0.663
6945,0.312
6947,0.361
6949,0.762
6952,0.376
6963,0.675
6964,0.597
6972,0.735
6979,0.434
6981,0.346
6988,0.764
6990,0.344
6998,0.326
7004,0.343
7016,0.482
7027,0.411
7042,0.309
7056,0.262
7061,0.295
7069,0.699
7071,0.335
7088,0.737
7099,0.369
7108,0.324
7121,0.804
7125,0.77
7136,0.531
7149,0.659
7150,0.581
7151,0.308
7167,0.326
7177,0.743
7178,0.257
7183,0.57
7186,0.354
7190,0.291
7201,0.406
7202,0.377
7207,0.337
7213,0.345
7224,0.797
7225,0.353
7233,0.314
7239,0.32
7246,0.314
7248,0.313
7261,0.4
7264,0.358
7266,0.323
7274,0.298
7279,0.288
7293,0.334
7315,0.306
7322,0.309
7326,0.831
7341,0.422
7363,0.354
7365,0.723
7371,0.348
7377,0.369
7393,0.762
7405,0.298
7410,0.327
7434,0.611
7438,0.343
7447,0.727
7450,0.802
7452,0.37
7453,0.205
7455,0.308
7456,0.382
7457,0.948
7466,0.417
7470,0.77
7474,0.326
7487,0.596
7488,0.352
7492,0.759
7496,0.327
7501,0.633
7505,0.437
7512,0.306
7526,0.521
7536,0.566
7538,0.666
7539,0.478
7544,0.777
7554,0.527
7564,0.368
7566,0.732
7580,0.747
7581,0.83
7584,0.379
7587,0.416
7589,0.485
7590,0.487
7594,0.678
7597,0.393
7602,0.891
7603,0.424
7605,0.705
7609,0.367
7613,0.38
7619,0.282
7625,0.348
7626,0.419
7636,0.41
7639,0.765
7641,0.367
7643,0.827
7644,0.313
7657,0.421
7661,0.729
7666,0.322
7673,0.359
7683,0.452
7685,0.379
7699,0.364
7704,0.76
7705,0.548
7708,0.556
7728,0.374
7733,0.445
7741,0.334
7743,0.421
7745,0.448
7754,0.8
7756,0.353
7757,0.377
7770,0.713
7773,0.98
7774,0.415
7776,0.705
7777,0.338
7778,0.352
7781,0.348
7784,0.32
7789,0.836
7794,0.627
7799,0.367
7801,0.745
7818,0.253
7823,0.402
7828,0.374
7832,0.431
7839,0.39
7851,0.865
7856,0.385
7868,0.289
7869,0.279
7872,0.32
7874,0.281
7878,0.333
7888,0.367
7913,0.312
7923,0.443
7925,0.395
7926,0.651
7938,0.354
7942,0.723
7945,0.403
7954,0.659
7963,0.351
7969,0.403
7970,0.428
7977,0.382
7981,0.33
7990,0.258
8020,0.546
8023,0.336
8025,0.522
8034,0.404
8039,0.448
8046,0.33
8051,0.329
8055,0.357
8060,0.368
8063,0.38
8073,0.981
8074,0.402
8076,0.716
8080,0.364
8088,0.37
8102,0.427
8103,0.42
8104,0.383
8105,0.378
8109,0.292
8115,0.391
8121,0.668
8126,0.333
8135,0.836
8153,0.652
8156,0.313
8160,0.737
8161,0.393
8162,0.365
8171,0.399
8181,0.328
8183,0.421
8185,0.261
8191,0.985
8203,0.267
8204,0.651
8207,0.637
8208,0.352
8209,0.56
8210,0.347
8225,0.371
8226,0.353
8231,0.563
8233,0.224
8244,0.711
8250,0.375
8261,0.39
8265,0.333
8278,0.38
8279,0.337
8280,0.3
8296,0.753
8299,0.349
8300,0.376
8301,0.343
8305,0.374
8327,0.343
8334,0.368
8349,0.271
8355,0.331
8361,0.311
8362,0.377
8364,0.354
8365,0.327
8375,0.346
8378,0.711
8380,0.329
8381,0.339
8387,0.349
8399,0.758
8402,0.97
8409,0.446
8433,0.67
8436,0.434
8442,0.368
8448,0.377
8464,0.33
8469,0.562
8474,0.556
8478,0.369
8482,0.344
8490,0.259
8510,0.353
8511,0.404
8527,0.395
8532,0.301
8533,0.362
8538,0.353
8541,0.44
8545,0.389
8553,0.369
8554,0.429
8555,0.426
8569,0.35
8586,0.804
8593,0.331
8600,0.983
8606,0.795
8607,0.36
8611,0.264
8613,0.765
8618,0.828
8630,0.314
8637,0.303
8650,0.383
8652,0.246
8661,0.404
8669,0.413
8673,0.477
8674,0.459
8678,0.811
8682,0.417
8688,0.314
8689,0.739
8695,0.339
8698,0.312
8703,0.279
8709,0.398
8716,0.419
8723,0.372
8737,0.458
8753,0.409
8773,0.36
8774,0.326
8778,0.601
8786,0.519
8794,0.36
8795,0.491
8800,0.239
8804,0.419
8808,0.383
8809,0.287
8817,0.37
8818,0.323
8825,0.378
8830,0.369
8833,0.412
8834,0.361
8836,0.404
8837,0.427
8844,0.288
8851,0.348
8861,0.929
8864,0.285
8865,0.435
8869,0.312
8873,0.754
8880,0.867
8884,0.179
8888,0.325
8889,0.328
8891,0.763
8893,0.339
8897,0.418
8905,0.388
8910,0.734
8918,0.376
8939,0.404
8940,0.321
8941,0.362
8944,0.367
8949,0.312
8950,0.353
8958,0.834
8967,0.759
8975,0.593
8979,0.323
8980,0.346
8991,0.265
8995,0.223
8996,0.366
8998,0.675
9000,0.405
9001,0.727
9002,0.42
9024,0.418
9026,0.343
9027,0.327
9034,0.384
9038,0.367
9050,0.352
9052,0.859
9054,0.459
9078,0.849
9097,0.314
9109,0.308
9112,0.6
9115,0.399
9125,0.442
9132,0.33
9136,0.34
9139,0.337
9140,0.343
9142,0.524
9143,0.327
9147,0.593
9159,0.349
9165,0.719
9172,0.443
9177,0.438
9179,0.34
9185,0.342
9196,0.925
9201,0.438
9209,0.402
9210,0.579
9212,0.195
9214,0.442
9240,0.974
9241,0.315
9244,0.387
9249,0.349
9250,0.747
9255,0.378
9258,0.484
9263,0.3
9266,0.566
9269,0.306
9272,0.351
9276,0.673
9290,0.368
9299,0.372
9303,0.331
9310,0.1
9311,0.322
9314,0.341
9315,0.803
9325,0.339
9328,0.521
9329,0.412
9332,0.972
9337,0.476
9353,0.846
9355,0.361
9356,0.395
9362,0.829
9364,0.383
9366,0.346
9387,0.928
9388,0.985
9396,0.385
9400,0.339
9406,0.366
9411,0.326
9416,0.768
9417,0.818
9423,0.799
9425,0.425
9426,0.438
9427,0.331
9429,0.779
9430,0.816
9434,0.364
9442,0.441
9458,0.381
9476,0.364
9481,0.394
9483,0.433
9484,0.415
9487,0.648
9488,0.391
9490,0.333
9502,0.918
9505,0.377
9509,0.292
9515,0.41
9516,0.441
9532,0.284
9539,0.641
9542,0.337
9549,0.397
9550,0.626
9553,0.366
9554,0.252
9561,0.379
9566,0.413
9571,0.413
9577,0.39
9584,0.413
9592,0.353
9596,0.781
9602,0.347
9603,0.323
9604,0.68
9608,0.666
9609,0.399
9613,0.401
9623,0.342
9630,0.979
9633,0.424
9648,0.389
9665,0.453
9668,0.461
9678,0.387
9679,0.314
9693,0.788
9718,0.808
9720,0.785
9744,0.342
9745,0.339
9746,0.663
9753,0.334
9758,0.385
9759,0.348
9763,0.37
9766,0.39
9767,0.329
9777,0.701
9781,0.388
9789,0.317
9790,0.303
9799,0.28
9802,0.325
9805,0.699
9807,0.311
9812,0.312
9818,0.317
9820,0.8
9822,0.387
9824,0.393
9834,0.376
9836,0.249
9847,0.345
9864,0.913
9869,0.404
9875,0.394
9880,0.317
9889,0.827
9894,0.413
9909,0.808
9915,0.418
9919,0.288
9920,0.802
9940,0.77
9946,0.681
9958,0.751
9959,0.416
9973,0.715
9976,0.379
9978,0.428
9982,0.418
9987,0.363
9988,0.276
9992,0.396
10000,0.09
10002,0.836
10005,0.43
10008,0.25
10009,0.344
10011,0.278
10021,0.304
10022,0.754
10053,0.314
10074,0.403
10076,0.417
10090,0.317
10092,0.267
10099,0.412
10102,0.404
10103,0.36
10106,0.402
10108,0.806
10113,0.766
10119,0.363
10122,0.354
10125,0.337
10140,0.371
10155,0.37
10159,0.374
10164,0.358
10175,0.412
10176,0.724
10178,0.411
10186,0.416
10200,0.305
10204,0.373
10206,0.34
10211,0.39
10212,0.409
10217,0.424
10220,0.451
10230,0.457
10234,0.349
10235,0.41
10239,0.355
10240,0.338
10242,0.301
10245,0.308
10246,0.645
10247,0.388
10250,0.367
10254,0.833
10257,0.409
10260,0.361
10261,0.828
10265,0.361
10273,0.29
10274,0.365
10277,0.364
10289,0.917
10290,0.285
10298,0.418
10301,0.447
10304,0.348
10305,0.385
10313,0.366
10320,0.389
10323,0.347
10328,0.316
10332,0.965
10336,0.976
10343,0.413
10348,0.381
10350,0.341
10351,0.342
10354,0.305
10372,0.234
10373,0.722
10380,0.403
10383,0.28
10396,0.661
10397,0.469
10399,0.708
10400,0.478
10401,0.342
10402,0.359
10403,0.489
10410,0.953
10412,0.56
10415,0.272
10424,0.379
10428,0.328
10432,0.351
10462,0.37
10477,0.358
10482,0.379
10484,0.416
10493,0.34
10495,0.307
10497,0.321
10516,0.37
10521,0.22
10522,0.868
10523,0.784
10528,0.347
10530,0.237
10532,0.55
10533,0.335
10543,0.832
10547,0.54
10552,0.381
10558,0.299
10571,0.322
10572,0.255
10574,0.245
10583,0.505
10600,0.348
10607,0.597
10608,0.623
10614,0.205
10630,0.321
10634,0.365
10635,0.364
10641,0.763
10643,0.563
10644,0.395
10648,0.523
10669,0.343
10675,0.577
10686,0.832
10704,0.416
10707,0.402
10722,0.35
10736,0.661
10764,0.271
10767,0.767
10776,0.365
10779,0.416
10781,0.318
10792,0.662
10797,0.414
10798,0.375
10801,0.599
10802,0.527
10805,0.341
10808,0.369
10810,0.909
10816,0.341
10817,0.396
10829,0.682
10843,0.384
10858,0.435
10866,0.391
10876,0.426
10887,0.305
10891,0.302
10896,0.365
10900,0.653
10905,0.274
10907,0.351
10917,0.231
10936,0.387
10947,0.353
10948,0.601
10951,0.378
10955,0.38
10969,0.435
10984,0.407
10987,0.357
10990,0.372
10992,0.281
10996,0.415
10997,0.427
10999,0.355
11000,0.701
11001,0.456
11010,0.377
11016,0.409
11018,0.811
11034,0.914
11039,0.378
11041,0.352
11047,0.355
11053,0.565
11055,0.231
11056,0.391
11065,0.274
11068,0.613
11070,0.392
11071,0.664
11072,0.35
11079,0.44
11091,0.387
11094,0.312
11112,0.391
11113,0.346
11128,0.252
11153,0.663
11154,0.137
11163,0.389
11179,0.282
11181,0.141
11206,0.21
11216,0.362
11221,0.392
11223,0.703
11228,0.77
11235,0.409
11237,0.338
11244,0.286
11256,0.366
11267,0.38
11272,0.609
11281,0.379
11285,0.313
11288,0.454
11291,0.361
11293,0.398
11297,0.359
11298,0.297
11299,0.386
11301,0.363
11309,0.749
11331,0.453
11332,0.403
11337,0.398
11343,0.823
11347,0.356
11348,0.673
11355,0.959
11368,0.301
11369,0.856
11371,0.792
11378,0.739
11384,0.354
11387,0.35
11393,0.312
11399,0.427
11412,0.792
11431,0.439
11432,0.445
11444,0.918
11450,0.986
11451,0.605
11476,0.331
11488,0.323
11495,0.651
11505,0.33
11508,0.928
11518,0.369
11522,0.266
11524,0.409
11533,0.398
11549,0.349
11551,0.984
11560,0.357
11563,0.406
11565,0.746
11567,0.356
11569,0.426
11598,0.499
11604,0.719
11611,0.424
11617,0.428
11626,0.373
11642,0.364
11643,0.296
11648,0.314
11651,0.341
11663,0.291
11666,0.406
11685,0.389
11686,0.541
11698,0.224
11708,0.374
11711,0.336
11718,0.34
11742,0.387
11761,0.723
11767,0.43
11768,0.372
11775,0.591
11779,0.381
11786,0.917
11790,0.69
11791,0.375
11796,0.079
11806,0.576
11810,0.385
11811,0.374
11814,0.919
11816,0.366
11820,0.44
11822,0.356
11829,0.512
11832,0.435
11834,0.694
11836,0.329
11837,0.325
11844,0.793
11847,0.652
11864,0.682
11865,0.718
11872,0.348
11873,0.414
11886,0.394
11894,0.316
11905,0.345
11906,0.209
11907,0.339
11912,0.377
11914,0.708
11918,0.406
11924,0.373
11929,0.934
11930,0.389
11936,0.348
11937,0.388
11954,0.422
11957,0.307
11964,0.305
11968,0.152
11972,0.465
11976,0.411
11979,0.25
11981,0.34
11983,0.38
11989,0.174
11991,0.426
11998,0.384
12003,0.419
12007,0.422
12011,0.584
12014,0.417
12024,0.359
12033,0.432
12034,0.38
12041,0.331
12046,0.4
12056,0.308
12064,0.348
12069,0.324
12070,0.319
12071,0.345
12072,0.243
12078,0.346
12091,0.679
12092,0.392
12094,0.311
12098,0.345
12103,0.39
12115,0.737
12118,0.409
12122,0.477
12125,0.934
12133,0.357
12137,0.446
12141,0.377
12143,0.334
12144,0.8
12154,0.363
12163,0.372
12170,0.729
12193,0.29
12196,0.364
12206,0.353
12209,0.388
12214,0.368
12228,0.353
12233,0.555
12238,0.442
12242,0.26
12245,0.785
12247,0.335
12251,0.42
12287,0.38
12292,0.746
12304,0.389
12317,0.707
12320,0.784
12323,0.763
12328,0.389
12333,0.764
12334,0.329
12335,0.712
12352,0.441
12358,0.362
12364,0.361
12376,0.311
12396,0.368
12402,0.963
12406,0.356
12408,0.264
12410,0.929
12413,0.596
12417,0.346
12424,0.581
12425,0.369
12426,0.338
12430,0.361
12432,0.657
12433,0.358
12451,0.219
12457,0.558
12465,0.416
12468,0.566
12474,0.38
12475,0.413
12486,0.41
12487,0.65
12514,0.348
12524,0.975
12526,0.334
12530,0.357
12532,0.11
12593,0.317
12599,0.366
12600,0.429
12603,0.402
12624,0.975
12630,0.344
12638,0.421
12641,0.682
12643,0.728
12656,0.332
12666,0.886
12673,0.805
12675,0.291
12678,0.864
12692,0.089
12693,0.85
12707,0.366
12711,0.724
12716,0.289
12717,0.726
12723,0.355
12738,0.355
12742,0.366
12746,0.371
12753,0.335
12758,0.336
12760,0.263
12763,0.392
12764,0.384
12768,0.388
12776,0.345
12777,0.362
12783,0.837
12804,0.312
12824,0.355
12839,0.33
12847,0.364
12850,0.975
12867,0.816
12883,0.303
12887,0.386
12890,0.204
12903,0.655
12906,0.379
12907,0.19
12909,0.264
12912,0.326
12915,0.285
12930,0.758
12931,0.511
12934,0.666
12951,0.373
12955,0.379
12973,0.366
12988,0.375
12999,0.389
13015,0.723
13026,0.827
13036,0.363
13039,0.329
13040,0.335
13041,0.475
13043,0.925
13057,0.347
13064,0.379
13068,0.772
13069,0.637
13073,0.553
13079,0.81
13086,0.315
13089,0.705
13093,0.364
13097,0.773
13098,0.32
13105,0.372
13107,0.552
13108,0.664
13110,0.43
13112,0.829
13114,0.431
13118,0.421
13127,0.425
13129,0.336
13142,0.981
13146,0.428
13149,0.363
13157,0.359
13158,0.861
13159,0.826
13161,0.266
13162,0.401
13166,0.373
13168,0.339
13170,0.95
13186,0.57
13191,0.395
13203,0.351
13209,0.353
13212,0.336
13213,0.402
13222,0.275
13229,0.698
13234,0.667
13257,0.766
13258,0.369
13268,0.348
13270,0.395
13291,0.325
13292,0.632
13299,0.324
13307,0.974
13309,0.353
13311,0.368
13312,0.353
13322,0.397
13324,0.81
13330,0.456
13338,0.337
13344,0.742
13348,0.285
13355,0.742
13365,0.971
13368,0.344
13370,0.39
13372,0.736
13377,0.785
13385,0.696
13389,0.355
13393,0.389
13395,0.341
13404,0.305
13411,0.419
13416,0.378
13434,0.392
13435,0.837
13445,0.379
13446,0.343
13451,0.603
13462,0.533
13464,0.31
13466,0.295
13471,0.334
13472,0.831
13477,0.321
13481,0.308
13484,0.823
13490,0.38
13492,0.769
13500,0.247
13508,0.368
13516,0.347
13525,0.315
13526,0.444
13530,0.759
13532,0.398
13538,0.366
13546,0.425
13548,0.456
13550,0.822
13551,0.408
13564,0.427
13566,0.868
13570,0.379
13580,0.418
13585,0.295
13588,0.155
13592,0.443
13594,0.377
13609,0.357
13610,0.842
13613,0.393
13625,0.421
13626,0.78
13639,0.763
13645,0.808
13647,0.507
13648,0.174
13652,0.634
13654,0.804
13664,0.389
13673,0.323
13684,0.31
13690,0.347
13693,0.327
13696,0.322
13700,0.762
13701,0.297
13707,0.597
13713,0.301
13714,0.342
13716,0.595
13720,0.307
13727,0.356
13733,0.349
13738,0.273
13757,0.376
13759,0.721
13761,0.402
13767,0.285
13782,0.384
13786,0.392
13787,0.394
13792,0.303
13795,0.85
13798,0.362
13807,0.117
13809,0.379
13811,0.458
13815,0.365
13817,0.264
13818,0.262
13822,0.27
13824,0.349
13829,0.307
13832,0.954
13840,0.644
13841,0.66
13868,0.346
13871,0.934
13880,0.388
13888,0.668
13890,0.717
13891,0.374
13895,0.383
13907,0.297
13910,0.788
13912,0.736
13913,0.357
13923,0.722
13929,0.389
13936,0.347
13946,0.262
13950,0.324
13951,0.312
13954,0.355
13958,0.75
13969,0.717
13980,0.317
13981,0.473
13986,0.416
13987,0.265
13989,0.608
13992,0.33
13994,0.423
14001,0.778
14002,0.398
14004,0.399
14006,0.393
14012,0.675
14021,0.381
14024,0.889
14045,0.331
14047,0.805
14057,0.401
14059,0.364
14060,0.372
14068,0.27
14070,0.58
14074,0.579
14076,0.61
14089,0.294
14115,0.413
14116,0.379
14128,0.642
14131,0.335
14134,0.624
14137,0.581
14138,0.401
14139,0.761
14152,0.336
14153,0.891
14155,0.379
14156,0.787
14164,0.322
14165,0.49
14171,0.326
14174,0.381
14181,0.427
14186,0.784
14192,0.552
14201,0.655
14210,0.644
14214,0.299
14231,0.372
14236,0.345
14241,0.399
14245,0.381
14249,0.332
14251,0.401
14262,0.377
14265,0.297
14267,0.609
14270,0.943
14276,0.742
14279,0.57
14281,0.292
14289,0.336
14290,0.311
14293,0.751
14295,0.734
14297,0.39
14298,0.395
14310,0.358
14312,0.776
14315,0.793
14318,0.613
14319,0.581
14325,0.58
14331,0.365
14334,0.346
14341,0.555
14343,0.962
14344,0.363
14346,0.337
14347,0.288
14349,0.311
14352,0.294
14358,0.271
14361,0.412
14363,0.754
14374,0.548
14376,0.419
14381,0.533
14398,0.448
14410,0.399
14412,0.327
14415,0.432
14423,0.6
14425,0.386
14436,0.383
14444,0.343
14455,0.685
14465,0.301
14469,0.405
14471,0.321
14475,0.354
14479,0.336
14480,0.328
14488,0.6
14491,0.778
14501,0.381
14520,0.72
14522,0.542
14523,0.331
14537,0.805
14538,0.548
14550,0.312
14561,0.392
14575,0.425
14586,0.387
14592,0.403
14601,0.845
14602,0.391
14604,0.346
14606,0.322
14627,0.346
14641,0.633
14652,0.292
14662,0.646
14665,0.545
14673,0.563
14675,0.362
14679,0.756
14683,0.402
14686,0.359
14705,0.44
14708,0.397
14709,0.595
14710,0.334
14715,0.585
14717,0.443
14723,0.344
14725,0.335
14727,0.581
14728,0.345
14735,0.296
14746,0.384
14752,0.464
14757,0.282
14762,0.348
14763,0.379
14797,0.336
14812,0.41
14818,0.74
14825,0.405
14827,0.393
14829,0.376
14830,0.371
14837,0.364
14849,0.379
14863,0.413
14869,0.325
14882,0.274
14884,0.671
14886,0.735
14888,0.773
14890,0.231
14904,0.333
14938,0.324
14952,0.324
14958,0.632
14963,0.385
14979,0.308
14980,0.346
14986,0.487
14988,0.38
15003,0.298
15006,0.676
15009,0.97
15015,0.602
15024,0.365
15030,0.695
15036,0.41
15038,0.744
15039,0.387
15047,0.86
15049,0.291
15056,0.966
15068,0.356
15070,0.382
15073,0.334
15081,0.376
15084,0.287
15088,0.953
15092,0.243
15095,0.383
15097,0.315
15098,0.314
15115,0.703
15120,0.778
15126,0.282
15133,0.64
15143,0.325
15156,0.305
15164,0.183
15178,0.435
15198,0.797
15200,0.722
15208,0.064
15214,0.272
15218,0.838
15231,0.399
15238,0.322
15239,0.392
15240,0.398
15249,0.31
15256,0.342
15260,0.636
15290,0.393
15307,0.965
15308,0.748
15321,0.813
15323,0.692
15325,0.324
15342,0.643
15346,0.408
15349,0.44
15354,0.379
15362,0.37
15379,0.328
15383,0.343
15394,0.292
15401,0.569
15405,0.346
15407,0.325
15412,0.447
15413,0.508
15415,0.516
15427,0.747
15430,0.478
15436,0.606
15439,0.318
15443,0.385
15444,0.816
15445,0.756
15450,0.333
15456,0.777
15465,0.32
15466,0.229
15470,0.322
15474,0.663
15476,0.341
15482,0.3
15492,0.342
15510,0.562
15519,0.406
15523,0.193
15535,0.743
15561,0.927
15564,0.696
15566,0.301
15579,0.328
15580,0.649
15581,0.339
15587,0.328
15589,0.389
15591,0.349
15597,0.365
15620,0.742
15627,0.675
15636,0.697
15653,0.357
15662,0.924
15664,0.42
15666,0.562
15667,0.3
15674,0.609
15692,0.341
15715,0.355
15736,0.591
15744,0.745
15746,0.361
15758,0.344
15760,0.258
15766,0.291
15767,0.326
15789,0.786
15810,0.307
15818,0.324
15820,0.21
15830,0.422
15844,0.302
15850,0.241
15857,0.362
15863,0.965
15869,0.283
15872,0.315
15873,0.477
15884,0.276
15885,0.755
15891,0.803
15898,0.364
15900,0.259
15932,0.332
15940,0.366
15944,0.296
15945,0.291
15963,0.73
15970,0.333
15977,0.38
15982,0.29
15985,0.379
15995,0.402
16004,0.297
16005,0.305
16011,0.3
16019,0.685
16021,0.312
16051,0.804
16065,0.417
16066,0.294
16076,0.364
16091,0.328
16094,0.414
16101,0.291
16104,0.808
16113,0.779
16114,0.547
16115,0.777
16127,0.542
16128,0.379
16138,0.724
16139,0.687
16142,0.31
16144,0.525
16148,0.738
16151,0.375
16156,0.507
16165,0.517
16166,0.347
16179,0.737
16193,0.544
16196,0.464
16198,0.397
16210,0.576
16232,0.549
16237,0.322
16240,0.554
16252,0.553
16259,0.354
16262,0.418
16263,0.337
16270,0.436
16272,0.324
16290,0.295
16295,0.856
16297,0.343
16299,0.327
16300,0.254
16302,0.352
16303,0.48
16305,0.521
16309,0.333
16312,0.357
16320,0.275
16326,0.337
16327,0.346
16338,0.368
16342,0.363
16346,0.533
16348,0.368
16355,0.567
16356,0.518
16378,0.773
16382,0.263
16391,0.352
16392,0.361
16395,0.79
16399,0.334
16403,0.348
16408,0.263
16413,0.306
16415,0.281
16417,0.644
16420,0.339
16431,0.258
16439,0.545
16444,0.789
16446,0.108
16451,0.646
16454,0.337
16461,0.365
16462,0.417
16469,0.381
16484,0.29
16486,0.77
16487,0.355
16491,0.381
16494,0.317
16507,0.407
16508,0.221
16519,0.342
16523,0.332
16526,0.783
16530,0.338
16532,0.753
16542,0.263
16550,0.79
16555,0.349
16558,0.274
16567,0.81
16576,0.419
16579,0.384
16595,0.546
16598,0.351
16600,0.374
16604,0.681
16605,0.77
16607,0.568
16610,0.363
16612,0.977
16617,0.624
16625,0.7
16632,0.566
16634,0.719
16650,0.308
16654,0.396
16655,0.422
16656,0.343
16657,0.582
16660,0.54
16662,0.555
16669,0.328
16675,0.799
16676,0.354
16678,0.328
16679,0.38
16693,0.346
16701,0.213
16715,0.401
16722,0.617
16724,0.659
16727,0.643
16735,0.336
16741,0.321
16752,0.281
16758,0.277
16765,0.29
16771,0.328
16785,0.1
16793,0.587
16800,0.452
16805,0.317
16809,0.233
16820,0.506
16827,0.504
16830,0.478
16843,0.972
16847,0.275
16855,0.79
16860,0.75
16862,0.748
16863,0.306
16872,0.181
16874,0.237
16876,0.384
16893,0.357
16895,0.465
16914,0.379
16917,0.321
16926,0.318
16930,0.453
16931,0.311
16932,0.294
16934,0.314
16937,0.404
16941,0.37
16942,0.933
16957,0.32
16962,0.464
16967,0.64
16968,0.813
16972,0.324
16974,0.3
16984,0.367
16987,0.303
16994,0.823
16995,0.73
16999,0.367
17034,0.608
17038,0.344
17040,0.253
17050,0.243
17068,0.318
17077,0.291
17079,0.746
17082,0.629
17085,0.714
17087,0.364
17099,0.753
17105,0.318
17108,0.243
17110,0.248
17111,0.349
17123,0.373
17124,0.455
17130,0.591
17138,0.328
17143,0.811
17157,0.271
17160,0.86
17166,0.381
17167,0.275
17179,0.44
17180,0.264
17189,0.685
17197,0.751
17219,0.612
17223,0.263
17225,0.805
17229,0.628
17234,0.322
17235,0.256
17239,0.34
17242,0.31
17243,0.39
17246,0.539
17247,0.288
17255,0.205
17258,0.333
17260,0.352
17264,0.611
17270,0.311
17271,0.359
17272,0.382
17285,0.347
17294,0.359
17297,0.424
17298,0.736
17299,0.362
17306,0.237
17324,0.322
17326,0.286
17330,0.315
17345,0.351
17351,0.828
17352,0.246
17372,0.289
17381,0.62
17385,0.668
17388,0.232
17390,0.571
17392,0.816
17399,0.232
17404,0.336
17407,0.229
17408,0.394
17416,0.803
17418,0.377
17434,0.797
17438,0.77
17443,0.775
17444,0.383
17453,0.439
17460,0.582
17467,0.395
17480,0.396
17488,0.781
17490,0.293
17493,0.36
17498,0.317
17503,0.297
17513,0.277
17520,0.795
17525,0.513
17534,0.313
17545,0.339
17553,0.333
17554,0.296
17557,0.333
17563,0.615
17576,0.345
17577,0.347
17580,0.701
17582,0.303
17596,0.378
17597,0.325
17602,0.73
17614,0.551
17623,0.493
17624,0.647
17627,0.716
17628,0.345
17630,0.332
17634,0.873
17640,0.322
17652,0.354
17657,0.256
17661,0.246
17662,0.374
17666,0.365
17682,0.794
17688,0.486
17693,0.526
17705,0.382
17711,0.383
17715,0.334
17717,0.365
17721,0.315
17728,0.223
17737,0.299
17745,0.372
17755,0.337
17764,0.76
17774,0.345
17785,0.25
17786,0.738
17789,0.385
17802,0.317
17810,0.779
17819,0.821
17825,0.241
17828,0.332
17833,0.242
17841,0.782
17842,0.324
17844,0.239
17849,0.361
17855,0.341
17857,0.928
17861,0.387
17863,0.32
17868,0.395
17876,0.703
17882,0.321
17885,0.36
17893,0.392
17894,0.342
17902,0.81
17906,0.35
17911,0.492
17917,0.313
17921,0.291
17941,0.287
17945,0.256
17949,0.278
17954,0.375
17957,0.349
17958,0.729
17960,0.281
17985,0.721
18000,0.439
18002,0.524
18008,0.235
18014,0.272
18015,0.943
18019,0.206
18021,0.269
18026,0.216
18029,0.352
18034,0.751
18035,0.364
18036,0.372
18039,0.763
18066,0.287
18076,0.355
18089,0.263
18104,0.338
18110,0.336
18129,0.685
18131,0.815
18133,0.261
18136,0.368
18148,0.458
18152,0.078
18167,0.83
18177,0.316
18178,0.323
18183,0.334
18194,0.572
18197,0.649
18213,0.234
18214,0.316
18221,0.213
18227,0.203
18239,0.813
18245,0.311
18266,0.249
18267,0.46
18274,0.214
18283,0.276
18297,0.251
18302,0.214
18303,0.571
18315,0.386
18324,0.322
18326,0.736
18334,0.254
18336,0.364
18344,0.338
18346,0.321
18347,0.247
18350,0.377
18352,0.521
18364,0.511
18366,0.379
18373,0.299
18391,0.259
18393,0.282
18395,0.637
18400,0.756
18408,0.379
18421,0.524
18425,0.707
18443,0.293
18451,0.303
18456,0.297
18458,0.735
18460,0.282
18467,0.365
18468,0.337
18475,0.44
18485,0.187
18494,0.73
18495,0.92
18508,0.665
18530,0.323
18533,0.329
18547,0.284
18548,0.285
18553,0.252
18561,0.35
18565,0.792
18572,0.287
18593,0.363
18600,0.284
18621,0.657
18629,0.712
18637,0.307
18649,0.33
18653,0.567
18660,0.19
18671,0.235
18672,0.132
18677,0.29
18681,0.904
18684,0.829
18686,0.294
18689,0.459
18690,0.409
18709,0.596
18716,0.823
18723,0.524
18773,0.257
18782,0.312
18797,0.553
18810,0.336
18817,0.637
18820,0.808
18825,0.269
18837,0.637
18850,0.753
18857,0.426
18861,0.537
18867,0.265
18870,0.223
18877,0.595
18887,0.414
18898,0.274
18900,0.691
18914,0.706
18921,0.521
18922,0.777
18945,0.284
18947,0.559
18953,0.555
18954,0.347
18957,0.547
18960,0.738
18973,0.213
18983,0.443
18990,0.266
18991,0.251
18993,0.294
18995,0.291
18996,0.286
19003,0.265
19014,0.317
19015,0.319
19019,0.634
19028,0.277
19038,0.463
19040,0.374
19046,0.328
19051,0.285
19054,0.929
19056,0.332
19074,0.319
19085,0.66
19099,0.811
19124,0.243
19134,0.634
19141,0.204
19146,0.626
19150,0.3
19170,0.331
19176,0.378
19187,0.345
19189,0.36
19202,0.678
19208,0.325
19209,0.348
19210,0.777
19216,0.296
19217,0.263
19218,0.594
19223,0.278
19240,0.267
19246,0.395
19269,0.35
19275,0.703
19287,0.315
19298,0.346
19303,0.235
19313,0.607
19325,0.243
19326,0.337
19328,0.288
19330,0.304
19340,0.525
19342,0.288
19343,0.333
19344,0.576
19363,0.26
19364,0.589
19371,0.155
19376,0.26
19377,0.305
19381,0.331
19384,0.379
19390,0.359
19402,0.237
19405,0.26
19409,0.243
19418,0.791
19429,0.515
19446,0.641
19458,0.738
19460,0.783
19462,0.714
19465,0.298
19472,0.393
19480,0.322
19503,0.736
19507,0.562
19517,0.386
19533,0.282
19537,0.214
19541,0.278
19563,0.246
19566,0.752
19568,0.472
19576,0.365
19591,0.309
19597,0.733
19619,0.508
19622,0.757
19623,0.293
19624,0.33
19627,0.335
19629,0.291
19633,0.292
19639,0.212
19641,0.258
19643,0.255
19649,0.264
19652,0.778
19657,0.323
19660,0.748
19668,0.965
19678,0.27
19686,0.718
19690,0.298
19694,0.361
19695,0.301
19702,0.754
19712,0.4
19720,0.687
19735,0.688
19739,0.318
19740,0.703
19743,0.31
19750,0.331
19752,0.684
19754,0.323
19762,0.544
19770,0.323
19775,0.504
19777,0.316
19782,0.245
19783,0.694
19786,0.281
19805,0.285
19808,0.232
19819,0.74
19821,0.27
19827,0.278
19830,0.497
19832,0.42
19833,0.258
19834,0.351
19843,0.276
19844,0.237
19846,0.272
19847,0.229
19850,0.752
19851,0.368
19861,0.696
19873,0.347
19878,0.32
19886,0.332
19892,0.701
19901,0.268
19902,0.367
19920,0.732
19921,0.278
19922,0.297
19929,0.81
19932,0.487
19935,0.341
19936,0.712
19946,0.775
19950,0.372
19952,0.561
19955,0.466
19976,0.253
19983,0.53
19987,0.276
19991,0.776
19996,0.756
20007,0.719
20015,0.355
20019,0.397
20023,0.346
20034,0.33
20036,0.334
20038,0.381
20039,0.363
20040,0.837
20045,0.46
20046,0.657
20048,0.333
20060,0.393
20068,0.214
20074,0.831
20111,0.281
20117,0.28
20125,0.319
20129,0.573
20134,0.294
20135,0.223
20139,0.318
20142,0.379
20147,0.667
20154,0.726
20157,0.27
20169,0.171
20179,0.248
20202,0.214
20207,0.391
20215,0.283
20216,0.736
20217,0.775
20218,0.725
20219,0.733
20226,0.291
20236,0.335
20239,0.205
20246,0.34
20247,0.245
20253,0.676
20255,0.231
20268,0.268
20270,0.777
20271,0.312
20279,0.487
20282,0.694
20295,0.339
20302,0.453
20305,0.654
20306,0.694
20308,0.256
20330,0.709
20335,0.446
20344,0.239
20349,0.828
20360,0.346
20362,0.743
20378,0.572
20394,0.333
20397,0.735
20403,0.278
20405,0.688
20415,0.288
20417,0.319
20420,0.282
20425,0.49
20430,0.673
20435,0.486
20443,0.494
20446,0.443
20458,0.338
20459,0.592
20467,0.297
20470,0.8
20482,0.601
20489,0.601
20495,0.386
20496,0.355
20497,0.683
20505,0.401
20509,0.664
20535,0.4
20539,0.675
20544,0.664
20547,0.312
20556,0.209
20557,0.579
20575,0.306
20577,0.398
20596,0.234
20597,0.32
20602,0.321
20603,0.35
20609,0.683
20618,0.3
20621,0.63
20628,0.227
20634,0.454
20637,0.294
20641,0.291
20642,0.363
20647,0.326
20655,0.604
20656,0.262
20661,0.282
20664,0.741
20674,0.792
20679,0.648
20680,0.322
20683,0.784
20687,0.274
20688,0.945
20695,0.353
20696,0.317
20699,0.281
20701,0.223
20702,0.178
20704,0.251
20721,0.291
20725,0.321
20731,0.337
20741,0.417
20742,0.3
20753,0.538
20756,0.227
20769,0.206
20771,0.341
20774,0.354
20777,0.312
20781,0.31
20797,0.714
20808,0.574
20810,0.566
20820,0.281
20823,0.919
20829,0.869
20832,0.333
20833,0.255
20837,0.315
20838,0.265
20839,0.278
20847,0.306
20861,0.318
20869,0.969
20875,0.25
20877,0.446
20889,0.292
20894,0.74
20901,0.698
20919,0.306
20923,0.33
20935,0.77
20937,0.369
20939,0.906
20940,0.318
20943,0.283
20946,0.822
20950,0.658
20961,0.842
20965,0.315
20967,0.511
20969,0.308
20970,0.368
20975,0.546
20987,0.738
20995,0.614
20998,0.768
21002,0.25
21012,0.958
21013,0.802
21015,0.319
21017,0.25
21020,0.279
21028,0.225
21031,0.3
21036,0.284
21040,0.314
21048,0.502
21049,0.276
21051,0.494
21070,0.286
21072,0.507
21079,0.686
21090,0.618
21093,0.284
21104,0.25
21114,0.343
21117,0.216
21120,0.312
21121,0.273
21132,0.269
21136,0.542
21139,0.509
21140,0.256
21146,0.627
21150,0.54
21178,0.485
21180,0.798
21198,0.334
21203,0.278
21210,0.274
21218,0.322
21220,0.299
21222,0.175
21228,0.413
21236,0.451
21239,0.231
21260,0.317
21267,0.192
21271,0.267
21279,0.208
21286,0.21
21288,0.321
21294,0.635
21298,0.299
21299,0.668
21300,0.736
21304,0.285
21307,0.256
21309,0.207
21311,0.219
21331,0.249
21332,0.736
21342,0.457
21345,0.644
21348,0.615
21353,0.485
21357,0.238
21369,0.419
21370,0.727
21371,0.267
21373,0.148
21385,0.567
21392,0.286
21401,0.314
21403,0.194
21406,0.281
21413,0.376
21414,0.428
21416,0.428
21423,0.786
21442,0.39
21443,0.132
21448,0.225
21459,0.549
21467,0.255
21474,0.489
21484,0.472
21488,0.678
21495,0.288
21498,0.325
21502,0.248
21503,0.51
21510,0.472
21516,0.733
21533,0.775
21535,0.301
21539,0.198
21541,0.355
21544,0.672
21554,0.791
21569,0.267
21572,0.335
21578,0.236
21580,0.27
21584,0.158
21589,0.644
21595,0.286
21598,0.666
21599,0.273
21606,0.225
21623,0.257
21639,0.547
21641,0.227
21645,0.283
21647,0.495
21648,0.152
21657,0.279
21671,0.277
21673,0.137
21678,0.288
21696,0.414
21699,0.414
21700,0.318
21703,0.234
21710,0.258
21721,0.257
21727,0.241
21728,0.691
21731,0.32
21741,0.241
21744,0.826
21748,0.286
21753,0.214
21756,0.286
21763,0.287
21767,0.191
21772,0.75
21774,0.21
21775,0.719
21780,0.455
21787,0.424
21805,0.318
21828,0.206
21831,0.256
21837,0.27
21842,0.325
21849,0.319
21856,0.388
21858,0.241
21862,0.098
21864,0.197
21867,0.319
21879,0.275
21881,0.234
21883,0.226
21891,0.602
21892,0.234
21902,0.179
21909,0.262
21914,0.214
21918,0.265
21919,0.25
21926,0.187
21930,0.502
21934,0.53
21940,0.33
21945,0.204
21948,0.724
21953,0.274
21954,0.174
21956,0.486
21963,0.539
21970,0.492
21984,0.23
21997,0.249
21999,0.164
22001,0.248
22002,0.165
22010,0.59
22013,0.256
22022,0.235
22024,0.232
22028,0.223
22029,0.68
22045,0.228
22049,0.184
22064,0.597
22069,0.615
22074,0.457
22082,0.271
22084,0.254
22090,0.414
22096,0.57
22100,0.23
22105,0.209
22119,0.236
22130,0.251
22152,0.762
22155,0.225
22164,0.185
22173,0.214
22194,0.403
22209,0.221
22217,0.076
22220,0.219
22222,0.701
22244,0.153
22245,0.233
22250,0.468
22256,0.769
22261,0.653
22264,0.224
22270,0.463
22279,0.699
22280,0.201
22284,0.168
22288,0.31
22293,0.224
22297,0.874
22307,0.333
22310,0.212
22319,0.587
22324,0.195
22326,0.06
22327,0.271
22329,0.251
22331,0.782
22340,0.65
22342,0.624
22347,0.445
22351,0.255
22357,0.22
22361,0.175
22371,0.285
22373,0.253
22391,0.428
22404,0.786
22409,0.699
22411,0.299
22428,0.8
22436,0.699
22444,0.666
22445,0.243
22451,0.223
22463,0.2
22464,0.199
22467,0.613
22472,0.238
22485,0.716
22497,0.215
22504,0.403
22508,0.194
22516,0.206
22522,0.153
22527,0.434
22543,0.773
22549,0.256
22551,0.51
22557,0.569
22562,0.224
22567,0.256
22572,0.293
22575,0.183
22578,0.504
22579,0.266
22580,0.245
22581,0.158
22591,0.62
22593,0.186
22597,0.231
22600,0.359
22602,0.443
22603,0.467
22616,0.55
22617,0.188
22622,0.49
22623,0.257
22624,0.588
22628,0.222
22640,0.206
22641,0.239
22653,0.598
22660,0.211
22672,0.533
22674,0.226
22689,0.585
22698,0.256
22705,0.704
22709,0.636
22711,0.215
22714,0.758
22715,0.297
22729,0.448
22730,0.483
22733,0.284
22750,0.157
22754,0.706
22756,0.724
22758,0.572
22767,0.69
22768,0.551
22769,0.605
22776,0.217
22778,0.258
22780,0.623
22789,0.628
22797,0.563
22799,0.751
22814,0.196
22818,0.276
22821,0.402
22823,0.419
22841,0.145
22847,0.57
22848,0.357
22862,0.296
22875,0.76
22877,0.724
22887,0.19
22892,0.186
22899,0.701
22901,0.741
22907,0.378
22909,0.377
22926,0.411
22927,0.382
22930,0.425
22934,0.399
22937,0.38
22939,0.693
22949,0.34
22951,0.375
22955,0.299
22965,0.828
22966,0.624
22968,0.973
22972,0.349
22975,0.313
22981,0.287
22988,0.322
22994,0.415
22996,0.725
23011,0.573
23028,0.301
23031,0.354
23035,0.278
23038,0.367
23042,0.342
23049,0.792
23051,0.961
23053,0.336
23057,0.716
23058,0.382
23063,0.407
23064,0.338
23067,0.256
23071,0.379
23075,0.221
23077,0.728
23090,0.31
23094,0.41
23097,0.304
23103,0.262
23107,0.633
23117,0.345
23122,0.313
23124,0.297
23126,0.246
23129,0.634
23136,0.308
23141,0.357
23142,0.343
23147,0.371
23154,0.362
23159,0.295
23165,0.287
23171,0.605
23173,0.111
23175,0.393
23179,0.912
23182,0.721
23185,0.337
23188,0.399
23189,0.384
23209,0.342
23214,0.245
23215,0.368
23233,0.434
23241,0.331
23252,0.367
23255,0.352
23263,0.299
23281,0.367
23282,0.261
23289,0.286
23292,0.256
23296,0.384
23297,0.367
23301,0.351
23302,0.386
23304,0.263
23309,0.404
23312,0.359
23316,0.384
23321,0.321
23342,0.386
23344,0.292
23350,0.28
23367,0.673
23368,0.293
23374,0.328
23387,0.304
23389,0.719
23399,0.786
23403,0.817
23406,0.969
23414,0.308
23415,0.247
23419,0.734
23436,0.377
23439,0.815
23444,0.329
23445,0.337
23455,0.259
23469,0.298
23472,0.175
23477,0.369
23478,0.638
23479,0.326
23487,0.337
23490,0.362
23491,0.802
23492,0.233
23494,0.305
23496,0.269
23497,0.288
23506,0.222
23515,0.378
23528,0.186
23532,0.249
23549,0.668
23551,0.254
23552,0.234
23555,0.347
23556,0.338
23564,0.7
23583,0.394
23592,0.339
23597,0.966
23601,0.376
23605,0.667
23615,0.27
23619,0.295
23621,0.966
23626,0.681
23635,0.44
23637,0.347
23640,0.353
23646,0.316
23655,0.284
23672,0.766
23673,0.341
23682,0.257
23683,0.322
23699,0.333
23704,0.622
23707,0.971
23713,0.299
23714,0.243
23716,0.34
23718,0.698
23721,0.209
23735,0.293
23737,0.368
23744,0.284
23749,0.694
23755,0.413
23769,0.702
23772,0.304
23773,0.153
23774,0.719
23779,0.247
23782,0.403
23793,0.428
23803,0.964
23828,0.738
23833,0.731
23834,0.771
23844,0.348
23845,0.737
23852,0.821
23855,0.719
23867,0.291
23872,0.659
23874,0.383
23880,0.31
23886,0.287
23898,0.326
23900,0.325
23903,0.204
23907,0.279
23908,0.786
23912,0.245
23916,0.246
23917,0.278
23918,0.33
23922,0.42
23928,0.38
23940,0.68
23944,0.553
23945,0.36
23951,0.273
23966,0.276
23970,0.294
23971,0.389
23976,0.682
23980,0.322
23987,0.985
23988,0.345
23993,0.379
23997,0.338
23998,0.384
23999,0.805
24010,0.698
24015,0.714
24023,0.389
24033,0.317
24046,0.699
24060,0.398
24062,0.306
24065,0.732
24070,0.402
24071,0.258
24073,0.369
24079,0.361
24082,0.963
24084,0.424
24089,0.404
24094,0.434
24100,0.364
24105,0.236
24106,0.198
24108,0.716
24111,0.98
24120,0.342
24125,0.655
24134,0.617
24140,0.374
24151,0.36
24153,0.262
24154,0.371
24161,0.448
24166,0.354
24170,0.625
24176,0.249
24182,0.814
24188,0.37
24190,0.311
24201,0.967
24211,0.802
24215,0.722
24216,0.97
24219,0.295
24222,0.719
24240,0.97
24243,0.389
24245,0.426
24251,0.223
24256,0.96
24258,0.273
24261,0.418
24263,0.372
24264,0.41
24266,0.343
24273,0.365
24278,0.332
24289,0.963
24292,0.411
24293,0.396
24298,0.963
24299,0.381
24303,0.608
24304,0.428
24305,0.414
24329,0.343
24341,0.373
24345,0.726
24353,0.321
24358,0.977
24364,0.704
24367,0.403
24370,0.701
24377,0.363
24380,0.294
24381,0.281
24387,0.396
24391,0.311
24409,0.963
24413,0.354
24416,0.361
24427,0.45
24439,0.37
24443,0.317
24448,0.429
24454,0.704
24455,0.286
24461,0.279
24464,0.388
24468,0.202
24469,0.273
24501,0.324
24508,0.345
24519,0.371
24520,0.987
24538,0.385
24540,0.72
24550,0.325
24552,0.245
24561,0.315
24577,0.446
24579,0.319
24580,0.365
24582,0.302
24591,0.741
24592,0.414
24599,0.733
24602,0.332
24606,0.392
24617,0.275
24619,0.735
24630,0.185
24633,0.841
24634,0.695
24638,0.334
24641,0.365
24644,0.351
24645,0.81
24656,0.36
24661,0.329
24663,0.727
24667,0.402
24669,0.681
24682,0.463
24698,0.286
24699,0.761
24702,0.346
24703,0.386
24717,0.47
24724,0.979
24731,0.333
24737,0.279
24740,0.366
24743,0.319
24744,0.979
24755,0.414
24757,0.353
24765,0.386
24766,0.329
24776,0.741
24787,0.959
24789,0.453
24791,0.306
24792,0.329
24804,0.136
24812,0.426
24816,0.385
24817,0.374
24820,0.593
24828,0.354
24832,0.335
24836,0.338
24842,0.751
24846,0.283
24847,0.253
24848,0.973
24851,0.726
24855,0.769
24856,0.349
24871,0.409
24874,0.365
24877,0.419
24889,0.407
24897,0.336
24899,0.738
24908,0.334
24913,0.697
24923,0.302
24933,0.333
24971,0.343
24973,0.971
24993,0.404
24998,0.381
25000,0.974
25001,0.972
25002,0.407
25003,0.982
25009,0.325
25024,0.3
25026,0.298
25027,0.964
25034,0.255
25050,0.328
25057,0.338
25067,0.832
25075,0.462
25081,0.417
25085,0.425
25093,0.392
25097,0.413
25103,0.355
25104,0.448
25109,0.389
25112,0.83
25113,0.439
25114,0.332
25119,0.307
25121,0.274
25122,0.845
25124,0.714
25131,0.349
25134,0.786
25144,0.326
25147,0.726
25148,0.395
25149,0.383
25155,0.409
25169,0.773
25177,0.693
25178,0.404
25179,0.377
25180,0.696
25191,0.57
25199,0.316
25232,0.321
25241,0.425
25242,0.839
25243,0.294
25246,0.308
25259,0.714
25265,0.725
25278,0.719
25280,0.338
25284,0.402
25286,0.732
25288,0.349
25318,0.968
25330,0.738
25333,0.421
25339,0.363
25340,0.69
25346,0.47
25349,0.792
25351,0.397
25361,0.686
25366,0.426
25368,0.963
25369,0.431
25370,0.399
25375,0.141
25376,0.704
25377,0.403
25379,0.411
25382,0.449
25386,0.46
25389,0.442
25399,0.382
25400,0.989
25401,0.715
25407,0.334
25409,0.328
25412,0.371
25416,0.295
25418,0.454
25423,0.398
25436,0.438
25439,0.326
25442,0.415
25445,0.97
25446,0.395
25453,0.21
25456,0.367
25458,0.39
25460,0.401
25461,0.351
25468,0.86
25470,0.445
25471,0.281
25482,0.393
25501,0.84
25504,0.679
25515,0.303
25518,0.404
25528,0.434
25533,0.398
25543,0.302
25548,0.286
25564,0.322
25572,0.678
25576,0.42
25577,0.38
25587,0.412
25591,0.312
25596,0.267
25598,0.294
25617,0.366
25618,0.854
25620,0.336
25623,0.445
25626,0.397
25628,0.396
25633,0.413
25637,0.392
25644,0.32
25662,0.332
25663,0.478
25673,0.677
25678,0.335
25685,0.33
25691,0.326
25706,0.312
25707,0.205
25723,0.423
25725,0.447
25735,0.613
25740,0.357
25759,0.372
25761,0.829
25769,0.359
25774,0.312
25779,0.683
25781,0.347
25784,0.954
25790,0.95
25796,0.349
25816,0.354
25847,0.325
25850,0.303
25852,0.804
25856,0.453
25866,0.453
25867,0.669
25868,0.38
25869,0.367
25877,0.787
25878,0.354
25890,0.423
25898,0.861
25899,0.322
25906,0.98
25907,0.773
25915,0.98
25932,0.737
25939,0.397
25946,0.736
25951,0.667
25959,0.37
25961,0.39
25964,0.388
25969,0.296
25980,0.387
25986,0.342
25992,0.247
25998,0.381
26000,0.462
26006,0.406
26009,0.348
26016,0.512
26023,0.974
26038,0.42
26041,0.389
26050,0.358
26051,0.973
26057,0.427
26060,0.159
26062,0.309
26067,0.978
26068,0.298
26072,0.383
26074,0.803
26075,0.366
26081,0.702
26108,0.757
26112,0.979
26113,0.266
26115,0.438
26122,0.355
26139,0.303
26162,0.411
26165,0.351
26173,0.42
26177,0.406
26179,0.448
26184,0.285
26190,0.347
26204,0.372
26205,0.081
26212,0.764
26215,0.281
26227,0.79
26232,0.778
26237,0.391
26246,0.55
26248,0.739
26249,0.428
26260,0.384
26263,0.317
26267,0.931
26269,0.394
26271,0.767
26273,0.703
26286,0.38
26297,0.385
26309,0.376
26313,0.336
26319,0.424
26329,0.359
26330,0.743
26333,0.424
26361,0.866
26366,0.517
26376,0.978
26378,0.438
26382,0.362
26389,0.423
26391,0.336
26401,0.623
26415,0.349
26419,0.683
26421,0.972
26422,0.343
26423,0.758
26424,0.491
26441,0.724
26442,0.385
26446,0.807
26447,0.355
26448,0.348
26451,0.427
26459,0.349
26465,0.23
26476,0.33
26481,0.339
26487,0.963
26501,0.305
26513,0.773
26517,0.316
26527,0.83
26534,0.758
26535,0.966
26545,0.346
26550,0.296
26558,0.293
26571,0.737
26573,0.338
26575,0.397
26578,0.322
26583,0.773
26590,0.405
26593,0.788
26602,0.261
26606,0.726
26613,0.713
26615,0.286
26618,0.34
26628,0.965
26630,0.827
26635,0.312
26645,0.41
26648,0.2
26651,0.382
26660,0.263
26663,0.711
26664,0.672
26665,0.772
26673,0.725
26675,0.313
26676,0.383
26677,0.38
26679,0.382
26687,0.368
26689,0.49
26697,0.371
26737,0.742
26747,0.972
26748,0.419
26749,0.378
26754,0.939
26759,0.366
26760,0.743
26765,0.302
26769,0.304
26771,0.344
26776,0.392
26778,0.341
26780,0.39
26783,0.263
26785,0.364
26800,0.327
26804,0.314
26812,0.401
26816,0.347
26823,0.782
26834,0.381
26836,0.803
26841,0.777
26845,0.342
26849,0.425
26854,0.721
26858,0.425
26860,0.258
26866,0.311
26871,0.205
26873,0.447
26905,0.376
26907,0.314
26920,0.648
26924,0.228
26930,0.273
26942,0.666
26944,0.36
26949,0.778
26952,0.951
26956,0.357
26973,0.347
26977,0.355
26993,0.684
26997,0.311
26999,0.609
27021,0.369
27023,0.377
27025,0.063
27027,0.362
27032,0.639
27034,0.289
27036,0.582
27045,0.335
27050,0.305
27051,0.838
27055,0.356
27056,0.374
27060,0.354
27061,0.762
27066,0.723
27070,0.306
27073,0.243
27077,0.87
27085,0.403
27086,0.399
27099,0.385
27105,0.419
27109,0.359
27125,0.305
27135,0.383
27139,0.629
27140,0.898
27141,0.327
27142,0.366
27144,0.268
27148,0.438
27154,0.411
27162,0.77
27175,0.536
27176,0.349
27178,0.761
27197,0.334
27204,0.339
27205,0.346
27206,0.234
27207,0.354
27216,0.414
27230,0.278
27234,0.26
27241,0.357
27249,0.967
27251,0.286
27252,0.786
27256,0.751
27257,0.592
27263,0.314
27268,0.369
27269,0.336
27276,0.321
27279,0.681
27288,0.752
27295,0.301
27299,0.33
27302,0.373
27304,0.364
27316,0.698
27318,0.282
27330,0.36
27333,0.662
27335,0.336
27339,0.326
27341,0.527
27342,0.324
27345,0.513
27347,0.502
27354,0.496
27361,0.275
27375,0.673
27387,0.592
27390,0.591
27392,0.913
27399,0.268
27403,0.274
27410,0.417
27423,0.304
27429,0.311
27432,0.376
27436,0.338
27437,0.673
27441,0.663
27444,0.639
27445,0.326
27448,0.655
27454,0.362
27459,0.284
27465,0.354
27478,0.97
27479,0.249
27481,0.605
27483,0.718
27486,0.271
27498,0.406
27505,0.331
27507,0.305
27509,0.268
27514,0.318
27527,0.771
27535,0.24
27544,0.323
27545,0.369
27556,0.331
27563,0.375
27569,0.359
27585,0.715
27589,0.343
27605,0.404
27608,0.75
27609,0.356
27611,0.276
27621,0.56
27626,0.732
27629,0.375
27645,0.76
27651,0.332
27654,0.383
27656,0.777
27663,0.738
27673,0.3
27677,0.368
27678,0.331
27680,0.338
27681,0.332
27684,0.365
27688,0.331
27706,0.383
27709,0.323
27720,0.312
27722,0.373
27733,0.704
27734,0.763
27739,0.314
27746,0.433
27751,0.842
27755,0.382
27777,0.564
27783,0.317
27795,0.357
27805,0.397
27811,0.339
27815,0.338
27823,0.374
27856,0.367
27873,0.409
27883,0.403
27885,0.739
27887,0.844
27899,0.377
27921,0.438
27924,0.418
27927,0.375
27929,0.4
27932,0.377
27943,0.466
27945,0.451
27952,0.415
27957,0.843
27960,0.404
27966,0.396
27968,0.825
27980,0.782
27984,0.371
27994,0.352
27995,0.381
28002,0.826
28004,0.669
28006,0.29
28028,0.745
28042,0.762
28043,0.354
28055,0.697
28061,0.319
28063,0.643
28077,0.444
28090,0.692
28093,0.394
28095,0.402
28096,0.684
28098,0.823
28099,0.357
28111,0.356
28115,0.425
28123,0.337
28125,0.46
28126,0.777
28129,0.71
28131,0.33
28139,0.396
28146,0.288
28153,0.844
28155,0.397
28160,0.64
28166,0.33
28167,0.778
28176,0.705
28185,0.328
28187,0.719
28195,0.777
28203,0.228
28206,0.395
28209,0.329
28210,0.315
28211,0.357
28216,0.373
28234,0.385
28235,0.798
28248,0.355
28255,0.335
28266,0.36
28277,0.344
28286,0.336
28288,0.351
28289,0.663
28290,0.364
28296,0.364
28300,0.806
28306,0.245
28307,0.364
28309,0.361
28327,0.361
28336,0.344
28345,0.426
28355,0.355
28361,0.253
28362,0.345
28374,0.335
28380,0.724
28381,0.441
28393,0.261
28394,0.314
28405,0.372
28413,0.313
28426,0.762
28428,0.85
28429,0.769
28442,0.401
28445,0.307
28457,0.965
28459,0.736
28462,0.392
28478,0.253
28490,0.386
28492,0.366
28499,0.198
28500,0.435
28506,0.773
28509,0.362
28513,0.352
28516,0.341
28519,0.971
28526,0.338
28527,0.278
28528,0.867
28533,0.41
28547,0.356
28551,0.362
28563,0.369
28566,0.37
28568,0.348
28580,0.327
28589,0.336
28590,0.787
28606,0.385
28613,0.318
28615,0.256
28619,0.308
28629,0.603
28633,0.323
28635,0.693
28646,0.307
28648,0.667
28651,0.247
28660,0.708
28681,0.315
28693,0.623
28696,0.36
28703,0.365
28709,0.371
28712,0.75
28718,0.31
28719,0.626
28727,0.255
28730,0.729
28732,0.76
28740,0.329
28747,0.322
28752,0.676
28757,0.383
28764,0.376
28765,0.802
28770,0.707
28772,0.836
28783,0.386
28786,0.338
28796,0.373
28799,0.781
28806,0.703
28807,0.371
28815,0.379
28818,0.345
28823,0.407
28824,0.504
28831,0.934
28834,0.52
28841,0.358
28848,0.705
28882,0.401
28884,0.398
28904,0.318
28907,0.299
28919,0.297
28920,0.74
28928,0.244
28935,0.133
28936,0.283
28945,0.362
28950,0.738
28957,0.639
28963,0.299
28974,0.335
28980,0.397
28988,0.572
28999,0.349
29001,0.571
29004,0.254
29006,0.371
29012,0.371
29018,0.426
29027,0.285
29030,0.335
29032,0.298
29039,0.34
29043,0.386
29056,0.736
29064,0.784
29068,0.238
29069,0.251
29074,0.209
29076,0.296
29085,0.336
29088,0.755
29091,0.25
29092,0.608
29093,0.295
29094,0.483
29108,0.663
29114,0.288
29115,0.243
29118,0.237
29125,0.285
29127,0.757
29150,0.249
29152,0.161
29155,0.684
29165,0.236
29167,0.381
29174,0.439
29180,0.367
29185,0.299
29190,0.249
29192,0.95
29194,0.366
29220,0.358
29231,0.507
29237,0.571
29240,0.484
29247,0.345
29256,0.339
29275,0.298
29278,0.33
29280,0.841
29286,0.382
29288,0.71
29305,0.679
29327,0.433
29329,0.845
29333,0.381
29335,0.408
29342,0.976
29344,0.349
29353,0.294
29358,0.437
29373,0.267
29392,0.396
29393,0.692
29395,0.951
29403,0.765
29405,0.639
29410,0.335
29423,0.336
29427,0.741
29429,0.29
29432,0.32
29440,0.676
29447,0.296
29448,0.293
29452,0.579
29455,0.274
29461,0.259
29466,0.248
29474,0.289
29476,0.275
29486,0.555
29494,0.33
29497,0.522
29505,0.319
29511,0.788
29516,0.703
29522,0.329
29523,0.264
29524,0.217
29529,0.234
29533,0.311
29535,0.329
29548,0.282
29551,0.358
29563,0.33
29574,0.391
29575,0.296
29592,0.366
29599,0.467
29608,0.257
29613,0.47
29620,0.333
29630,0.787
29637,0.324
29638,0.44
29643,0.343
29648,0.372
29657,0.309
29659,0.34
29662,0.384
29665,0.27
29699,0.79
29706,0.681
29715,0.617
29716,0.379
29717,0.288
29721,0.613
29731,0.327
29735,0.294
29739,0.453
29742,0.641
29747,0.95
29749,0.633
29754,0.963
29773,0.28
29777,0.586
29779,0.34
29783,0.3
29786,0.343
29805,0.719
29811,0.448
29812,0.524
29815,0.675
29819,0.319
29833,0.245
29847,0.279
29854,0.668
29856,0.333
29859,0.289
29864,0.393
29865,0.429
29867,0.373
29885,0.474
29894,0.36
29900,0.278
29910,0.51
29928,0.304
29942,0.246
29951,0.307
29953,0.31
29962,0.233
29968,0.252
29974,0.805
29980,0.638
29987,0.176
29993,0.656
30001,0.707
30005,0.661
30015,0.299
30034,0.236
30041,0.323
30044,0.338
30058,0.244
30061,0.319
30064,0.349
30065,0.392
30069,0.334
30074,0.347
30076,0.197
30080,0.231
30086,0.795
30087,0.308
30092,0.279
30093,0.689
30096,0.317
30097,0.699
30098,0.285
30102,0.683
30106,0.3
30110,0.64
30111,0.959
30122,0.339
30128,0.325
30130,0.71
30131,0.341
30132,0.383
30135,0.357
30137,0.826
30157,0.715
30158,0.757
30162,0.287
30170,0.656
30174,0.357
30195,0.646
30196,0.363
30204,0.391
30207,0.804
30209,0.654
30212,0.373
30221,0.37
30225,0.622
30229,0.398
30231,0.323
30233,0.328
30237,0.383
30239,0.419
30242,0.386
30244,0.301
30249,0.397
30262,0.304
30286,0.397
30292,0.389
30303,0.351
30320,0.233
30322,0.322
30355,0.41
30356,0.346
30372,0.455
30375,0.354
30379,0.422
30384,0.38
30386,0.387
30394,0.397
30395,0.352
30396,0.404
30397,0.348
30402,0.359
30413,0.304
30416,0.371
30420,0.296
30422,0.818
30432,0.407
30434,0.429
30438,0.4
30444,0.199
30446,0.484
30455,0.384
30457,0.451
30459,0.439
30463,0.378
30468,0.433
30477,0.392
30478,0.389
30481,0.428
30482,0.35
30487,0.399
30491,0.428
30496,0.769
30501,0.292
30506,0.239
30511,0.371
30513,0.4
30516,0.326
30520,0.389
30531,0.416
30542,0.839
30555,0.335
30557,0.403
30568,0.397
30570,0.977
30584,0.326
30594,0.685
30614,0.338
30617,0.332
30618,0.782
30631,0.358
30632,0.297
30634,0.721
30636,0.285
30637,0.288
30639,0.339
30647,0.38
30649,0.285
30656,0.345
30660,0.322
30665,0.326
30669,0.402
30681,0.39
30683,0.757
30687,0.809
30694,0.366
